yr,mnth,dy,Q,R
1978,1,1,345600,0.322990654205607
1978,1,2,345600,0.322990654205607
1978,1,3,345600,0.322990654205607
1978,1,4,345600,0.322990654205607
1978,1,5,345600,0.322990654205607
1978,1,6,345600,0.322990654205607
1978,1,7,345600,0.322990654205607
1978,1,8,259200,0.242242990654206
1978,1,9,345600,0.322990654205607
1978,1,10,259200,0.242242990654206
1978,1,11,259200,0.242242990654206
1978,1,12,259200,0.242242990654206
1978,1,13,259200,0.242242990654206
1978,1,14,259200,0.242242990654206
1978,1,15,259200,0.242242990654206
1978,1,16,259200,0.242242990654206
1978,1,17,259200,0.242242990654206
1978,1,18,345600,0.322990654205607
1978,1,19,345600,0.322990654205607
1978,1,20,345600,0.322990654205607
1978,1,21,259200,0.242242990654206
1978,1,22,259200,0.242242990654206
1978,1,23,259200,0.242242990654206
1978,1,24,345600,0.322990654205607
1978,1,25,345600,0.322990654205607
1978,1,26,259200,0.242242990654206
1978,1,27,259200,0.242242990654206
1978,1,28,259200,0.242242990654206
1978,1,29,259200,0.242242990654206
1978,1,30,259200,0.242242990654206
1978,1,31,259200,0.242242990654206
1978,2,1,345600,0.322990654205607
1978,2,2,345600,0.322990654205607
1978,2,3,345600,0.322990654205607
1978,2,4,345600,0.322990654205607
1978,2,5,259200,0.242242990654206
1978,2,6,345600,0.322990654205607
1978,2,7,259200,0.242242990654206
1978,2,8,259200,0.242242990654206
1978,2,9,259200,0.242242990654206
1978,2,10,259200,0.242242990654206
1978,2,11,259200,0.242242990654206
1978,2,12,259200,0.242242990654206
1978,2,13,345600,0.322990654205607
1978,2,14,345600,0.322990654205607
1978,2,15,345600,0.322990654205607
1978,2,16,432000,0.403738317757009
1978,2,17,518400,0.484485981308411
1978,2,18,432000,0.403738317757009
1978,2,19,432000,0.403738317757009
1978,2,20,432000,0.403738317757009
1978,2,21,432000,0.403738317757009
1978,2,22,432000,0.403738317757009
1978,2,23,345600,0.322990654205607
1978,2,24,345600,0.322990654205607
1978,2,25,345600,0.322990654205607
1978,2,26,345600,0.322990654205607
1978,2,27,345600,0.322990654205607
1978,2,28,345600,0.322990654205607
1978,3,1,345600,0.322990654205607
1978,3,2,432000,0.403738317757009
1978,3,3,432000,0.403738317757009
1978,3,4,432000,0.403738317757009
1978,3,5,432000,0.403738317757009
1978,3,6,432000,0.403738317757009
1978,3,7,432000,0.403738317757009
1978,3,8,432000,0.403738317757009
1978,3,9,432000,0.403738317757009
1978,3,10,604800,0.565233644859813
1978,3,11,1036800,0.968971962616822
1978,3,12,777600,0.726728971962617
1978,3,13,604800,0.565233644859813
1978,3,14,518400,0.484485981308411
1978,3,15,518400,0.484485981308411
1978,3,16,432000,0.403738317757009
1978,3,17,518400,0.484485981308411
1978,3,18,432000,0.403738317757009
1978,3,19,518400,0.484485981308411
1978,3,20,604800,0.565233644859813
1978,3,21,604800,0.565233644859813
1978,3,22,604800,0.565233644859813
1978,3,23,691200,0.645981308411215
1978,3,24,864000,0.807476635514019
1978,3,25,777600,0.726728971962617
1978,3,26,777600,0.726728971962617
1978,3,27,864000,0.807476635514019
1978,3,28,1123200,1.04971962616822
1978,3,29,1036800,0.968971962616822
1978,3,30,1123200,1.04971962616822
1978,3,31,1123200,1.04971962616822
1978,4,1,1036800,0.968971962616822
1978,4,2,950400,0.888224299065421
1978,4,3,950400,0.888224299065421
1978,4,4,1123200,1.04971962616822
1978,4,5,1468800,1.37271028037383
1978,4,6,1987200,1.85719626168224
1978,4,7,1641600,1.53420560747664
1978,4,8,1555200,1.45345794392523
1978,4,9,5097600,4.76411214953271
1978,4,10,5097600,4.76411214953271
1978,4,11,2764800,2.58392523364486
1978,4,12,2073600,1.93794392523364
1978,4,13,1728000,1.61495327102804
1978,4,14,1555200,1.45345794392523
1978,4,15,1468800,1.37271028037383
1978,4,16,1641600,1.53420560747664
1978,4,17,2592000,2.42242990654206
1978,4,18,2937600,2.74542056074766
1978,4,19,2937600,2.74542056074766
1978,4,20,2764800,2.58392523364486
1978,4,21,2246400,2.09943925233645
1978,4,22,2246400,2.09943925233645
1978,4,23,2246400,2.09943925233645
1978,4,24,2764800,2.58392523364486
1978,4,25,3369600,3.14915887850467
1978,4,26,2678400,2.50317757009346
1978,4,27,2332800,2.18018691588785
1978,4,28,2505600,2.34168224299065
1978,4,29,2764800,2.58392523364486
1978,4,30,2937600,2.74542056074766
1978,5,1,2764800,2.58392523364486
1978,5,2,2764800,2.58392523364486
1978,5,3,3024000,2.82616822429907
1978,5,4,3801600,3.55289719626168
1978,5,5,6220800,5.81383177570093
1978,5,6,6307200,5.89457943925234
1978,5,7,3888000,3.63364485981308
1978,5,8,3369600,3.14915887850467
1978,5,9,3628800,3.39140186915888
1978,5,10,5184000,4.84485981308411
1978,5,11,6566400,6.13682242990654
1978,5,12,5270400,4.92560747663551
1978,5,13,5702400,5.32934579439252
1978,5,14,6480000,6.05607476635514
1978,5,15,5443200,5.08710280373832
1978,5,16,4924800,4.60261682242991
1978,5,17,5270400,4.92560747663551
1978,5,18,4924800,4.60261682242991
1978,5,19,4406400,4.1181308411215
1978,5,20,3542400,3.31065420560748
1978,5,21,3110400,2.90691588785047
1978,5,22,2764800,2.58392523364486
1978,5,23,2764800,2.58392523364486
1978,5,24,2505600,2.34168224299065
1978,5,25,2764800,2.58392523364486
1978,5,26,2764800,2.58392523364486
1978,5,27,2851200,2.66467289719626
1978,5,28,2678400,2.50317757009346
1978,5,29,2764800,2.58392523364486
1978,5,30,4147200,3.87588785046729
1978,5,31,3801600,3.55289719626168
1978,6,1,3369600,3.14915887850467
1978,6,2,2937600,2.74542056074766
1978,6,3,2592000,2.42242990654206
1978,6,4,2505600,2.34168224299065
1978,6,5,2937600,2.74542056074766
1978,6,6,2937600,2.74542056074766
1978,6,7,2678400,2.50317757009346
1978,6,8,2592000,2.42242990654206
1978,6,9,2764800,2.58392523364486
1978,6,10,2851200,2.66467289719626
1978,6,11,2592000,2.42242990654206
1978,6,12,2419200,2.26093457943925
1978,6,13,2419200,2.26093457943925
1978,6,14,2332800,2.18018691588785
1978,6,15,2246400,2.09943925233645
1978,6,16,2246400,2.09943925233645
1978,6,17,2332800,2.18018691588785
1978,6,18,2160000,2.01869158878505
1978,6,19,1900800,1.77644859813084
1978,6,20,1900800,1.77644859813084
1978,6,21,4406400,4.1181308411215
1978,6,22,2764800,2.58392523364486
1978,6,23,2678400,2.50317757009346
1978,6,24,2851200,2.66467289719626
1978,6,25,2505600,2.34168224299065
1978,6,26,2332800,2.18018691588785
1978,6,27,2160000,2.01869158878505
1978,6,28,2073600,1.93794392523364
1978,6,29,1900800,1.77644859813084
1978,6,30,1814400,1.69570093457944
1978,7,1,1728000,1.61495327102804
1978,7,2,1641600,1.53420560747664
1978,7,3,1641600,1.53420560747664
1978,7,4,1555200,1.45345794392523
1978,7,5,1468800,1.37271028037383
1978,7,6,1382400,1.29196261682243
1978,7,7,1382400,1.29196261682243
1978,7,8,1296000,1.21121495327103
1978,7,9,1296000,1.21121495327103
1978,7,10,1209600,1.13046728971963
1978,7,11,1123200,1.04971962616822
1978,7,12,1036800,0.968971962616822
1978,7,13,950400,0.888224299065421
1978,7,14,864000,0.807476635514019
1978,7,15,777600,0.726728971962617
1978,7,16,777600,0.726728971962617
1978,7,17,777600,0.726728971962617
1978,7,18,691200,0.645981308411215
1978,7,19,691200,0.645981308411215
1978,7,20,691200,0.645981308411215
1978,7,21,604800,0.565233644859813
1978,7,22,604800,0.565233644859813
1978,7,23,604800,0.565233644859813
1978,7,24,604800,0.565233644859813
1978,7,25,518400,0.484485981308411
1978,7,26,518400,0.484485981308411
1978,7,27,518400,0.484485981308411
1978,7,28,432000,0.403738317757009
1978,7,29,432000,0.403738317757009
1978,7,30,345600,0.322990654205607
1978,7,31,345600,0.322990654205607
1978,8,1,345600,0.322990654205607
1978,8,2,691200,0.645981308411215
1978,8,3,1036800,0.968971962616822
1978,8,4,691200,0.645981308411215
1978,8,5,691200,0.645981308411215
1978,8,6,604800,0.565233644859813
1978,8,7,604800,0.565233644859813
1978,8,8,864000,0.807476635514019
1978,8,9,604800,0.565233644859813
1978,8,10,518400,0.484485981308411
1978,8,11,518400,0.484485981308411
1978,8,12,432000,0.403738317757009
1978,8,13,345600,0.322990654205607
1978,8,14,345600,0.322990654205607
1978,8,15,345600,0.322990654205607
1978,8,16,259200,0.242242990654206
1978,8,17,259200,0.242242990654206
1978,8,18,345600,0.322990654205607
1978,8,19,345600,0.322990654205607
1978,8,20,518400,0.484485981308411
1978,8,21,345600,0.322990654205607
1978,8,22,345600,0.322990654205607
1978,8,23,345600,0.322990654205607
1978,8,24,345600,0.322990654205607
1978,8,25,345600,0.322990654205607
1978,8,26,345600,0.322990654205607
1978,8,27,345600,0.322990654205607
1978,8,28,345600,0.322990654205607
1978,8,29,259200,0.242242990654206
1978,8,30,259200,0.242242990654206
1978,8,31,259200,0.242242990654206
1978,9,1,259200,0.242242990654206
1978,9,2,259200,0.242242990654206
1978,9,3,259200,0.242242990654206
1978,9,4,259200,0.242242990654206
1978,9,5,259200,0.242242990654206
1978,9,6,432000,0.403738317757009
1978,9,7,432000,0.403738317757009
1978,9,8,432000,0.403738317757009
1978,9,9,345600,0.322990654205607
1978,9,10,345600,0.322990654205607
1978,9,11,259200,0.242242990654206
1978,9,12,259200,0.242242990654206
1978,9,13,259200,0.242242990654206
1978,9,14,259200,0.242242990654206
1978,9,15,259200,0.242242990654206
1978,9,16,259200,0.242242990654206
1978,9,17,259200,0.242242990654206
1978,9,18,259200,0.242242990654206
1978,9,19,259200,0.242242990654206
1978,9,20,259200,0.242242990654206
1978,9,21,259200,0.242242990654206
1978,9,22,259200,0.242242990654206
1978,9,23,259200,0.242242990654206
1978,9,24,259200,0.242242990654206
1978,9,25,259200,0.242242990654206
1978,9,26,259200,0.242242990654206
1978,9,27,259200,0.242242990654206
1978,9,28,259200,0.242242990654206
1978,9,29,259200,0.242242990654206
1978,9,30,259200,0.242242990654206
1978,10,1,259200,0.242242990654206
1978,10,2,259200,0.242242990654206
1978,10,3,259200,0.242242990654206
1978,10,4,259200,0.242242990654206
1978,10,5,259200,0.242242990654206
1978,10,6,259200,0.242242990654206
1978,10,7,259200,0.242242990654206
1978,10,8,259200,0.242242990654206
1978,10,9,259200,0.242242990654206
1978,10,10,259200,0.242242990654206
1978,10,11,259200,0.242242990654206
1978,10,12,259200,0.242242990654206
1978,10,13,259200,0.242242990654206
1978,10,14,259200,0.242242990654206
1978,10,15,259200,0.242242990654206
1978,10,16,259200,0.242242990654206
1978,10,17,259200,0.242242990654206
1978,10,18,259200,0.242242990654206
1978,10,19,345600,0.322990654205607
1978,10,20,345600,0.322990654205607
1978,10,21,432000,0.403738317757009
1978,10,22,432000,0.403738317757009
1978,10,23,432000,0.403738317757009
1978,10,24,604800,0.565233644859813
1978,10,25,604800,0.565233644859813
1978,10,26,432000,0.403738317757009
1978,10,27,518400,0.484485981308411
1978,10,28,518400,0.484485981308411
1978,10,29,518400,0.484485981308411
1978,10,30,432000,0.403738317757009
1978,10,31,518400,0.484485981308411
1978,11,1,518400,0.484485981308411
1978,11,2,432000,0.403738317757009
1978,11,3,432000,0.403738317757009
1978,11,4,432000,0.403738317757009
1978,11,5,432000,0.403738317757009
1978,11,6,432000,0.403738317757009
1978,11,7,432000,0.403738317757009
1978,11,8,432000,0.403738317757009
1978,11,9,345600,0.322990654205607
1978,11,10,345600,0.322990654205607
1978,11,11,432000,0.403738317757009
1978,11,12,432000,0.403738317757009
1978,11,13,432000,0.403738317757009
1978,11,14,345600,0.322990654205607
1978,11,15,432000,0.403738317757009
1978,11,16,432000,0.403738317757009
1978,11,17,432000,0.403738317757009
1978,11,18,432000,0.403738317757009
1978,11,19,432000,0.403738317757009
1978,11,20,345600,0.322990654205607
1978,11,21,345600,0.322990654205607
1978,11,22,432000,0.403738317757009
1978,11,23,432000,0.403738317757009
1978,11,24,345600,0.322990654205607
1978,11,25,345600,0.322990654205607
1978,11,26,345600,0.322990654205607
1978,11,27,345600,0.322990654205607
1978,11,28,345600,0.322990654205607
1978,11,29,345600,0.322990654205607
1978,11,30,345600,0.322990654205607
1978,12,1,345600,0.322990654205607
1978,12,2,345600,0.322990654205607
1978,12,3,345600,0.322990654205607
1978,12,4,345600,0.322990654205607
1978,12,5,345600,0.322990654205607
1978,12,6,345600,0.322990654205607
1978,12,7,345600,0.322990654205607
1978,12,8,345600,0.322990654205607
1978,12,9,345600,0.322990654205607
1978,12,10,345600,0.322990654205607
1978,12,11,345600,0.322990654205607
1978,12,12,345600,0.322990654205607
1978,12,13,345600,0.322990654205607
1978,12,14,345600,0.322990654205607
1978,12,15,345600,0.322990654205607
1978,12,16,432000,0.403738317757009
1978,12,17,345600,0.322990654205607
1978,12,18,345600,0.322990654205607
1978,12,19,432000,0.403738317757009
1978,12,20,345600,0.322990654205607
1978,12,21,432000,0.403738317757009
1978,12,22,345600,0.322990654205607
1978,12,23,345600,0.322990654205607
1978,12,24,345600,0.322990654205607
1978,12,25,345600,0.322990654205607
1978,12,26,345600,0.322990654205607
1978,12,27,345600,0.322990654205607
1978,12,28,345600,0.322990654205607
1978,12,29,345600,0.322990654205607
1978,12,30,345600,0.322990654205607
1978,12,31,345600,0.322990654205607
1979,1,1,345600,0.322990654205607
1979,1,2,345600,0.322990654205607
1979,1,3,345600,0.322990654205607
1979,1,4,345600,0.322990654205607
1979,1,5,345600,0.322990654205607
1979,1,6,345600,0.322990654205607
1979,1,7,345600,0.322990654205607
1979,1,8,259200,0.242242990654206
1979,1,9,259200,0.242242990654206
1979,1,10,259200,0.242242990654206
1979,1,11,345600,0.322990654205607
1979,1,12,259200,0.242242990654206
1979,1,13,345600,0.322990654205607
1979,1,14,259200,0.242242990654206
1979,1,15,345600,0.322990654205607
1979,1,16,345600,0.322990654205607
1979,1,17,345600,0.322990654205607
1979,1,18,345600,0.322990654205607
1979,1,19,345600,0.322990654205607
1979,1,20,345600,0.322990654205607
1979,1,21,345600,0.322990654205607
1979,1,22,259200,0.242242990654206
1979,1,23,259200,0.242242990654206
1979,1,24,259200,0.242242990654206
1979,1,25,345600,0.322990654205607
1979,1,26,259200,0.242242990654206
1979,1,27,259200,0.242242990654206
1979,1,28,259200,0.242242990654206
1979,1,29,345600,0.322990654205607
1979,1,30,345600,0.322990654205607
1979,1,31,345600,0.322990654205607
1979,2,1,345600,0.322990654205607
1979,2,2,345600,0.322990654205607
1979,2,3,345600,0.322990654205607
1979,2,4,345600,0.322990654205607
1979,2,5,345600,0.322990654205607
1979,2,6,345600,0.322990654205607
1979,2,7,345600,0.322990654205607
1979,2,8,345600,0.322990654205607
1979,2,9,345600,0.322990654205607
1979,2,10,345600,0.322990654205607
1979,2,11,345600,0.322990654205607
1979,2,12,345600,0.322990654205607
1979,2,13,345600,0.322990654205607
1979,2,14,345600,0.322990654205607
1979,2,15,432000,0.403738317757009
1979,2,16,518400,0.484485981308411
1979,2,17,345600,0.322990654205607
1979,2,18,259200,0.242242990654206
1979,2,19,345600,0.322990654205607
1979,2,20,259200,0.242242990654206
1979,2,21,345600,0.322990654205607
1979,2,22,259200,0.242242990654206
1979,2,23,259200,0.242242990654206
1979,2,24,259200,0.242242990654206
1979,2,25,345600,0.322990654205607
1979,2,26,259200,0.242242990654206
1979,2,27,259200,0.242242990654206
1979,2,28,259200,0.242242990654206
1979,3,1,259200,0.242242990654206
1979,3,2,259200,0.242242990654206
1979,3,3,259200,0.242242990654206
1979,3,4,259200,0.242242990654206
1979,3,5,259200,0.242242990654206
1979,3,6,259200,0.242242990654206
1979,3,7,259200,0.242242990654206
1979,3,8,259200,0.242242990654206
1979,3,9,259200,0.242242990654206
1979,3,10,259200,0.242242990654206
1979,3,11,259200,0.242242990654206
1979,3,12,259200,0.242242990654206
1979,3,13,345600,0.322990654205607
1979,3,14,345600,0.322990654205607
1979,3,15,345600,0.322990654205607
1979,3,16,432000,0.403738317757009
1979,3,17,518400,0.484485981308411
1979,3,18,518400,0.484485981308411
1979,3,19,604800,0.565233644859813
1979,3,20,604800,0.565233644859813
1979,3,21,604800,0.565233644859813
1979,3,22,604800,0.565233644859813
1979,3,23,691200,0.645981308411215
1979,3,24,604800,0.565233644859813
1979,3,25,691200,0.645981308411215
1979,3,26,518400,0.484485981308411
1979,3,27,518400,0.484485981308411
1979,3,28,518400,0.484485981308411
1979,3,29,518400,0.484485981308411
1979,3,30,604800,0.565233644859813
1979,3,31,777600,0.726728971962617
1979,4,1,950400,0.888224299065421
1979,4,2,1036800,0.968971962616822
1979,4,3,1728000,1.61495327102804
1979,4,4,2160000,2.01869158878505
1979,4,5,1987200,1.85719626168224
1979,4,6,1296000,1.21121495327103
1979,4,7,1123200,1.04971962616822
1979,4,8,1123200,1.04971962616822
1979,4,9,1036800,0.968971962616822
1979,4,10,1123200,1.04971962616822
1979,4,11,950400,0.888224299065421
1979,4,12,864000,0.807476635514019
1979,4,13,777600,0.726728971962617
1979,4,14,950400,0.888224299065421
1979,4,15,950400,0.888224299065421
1979,4,16,777600,0.726728971962617
1979,4,17,691200,0.645981308411215
1979,4,18,691200,0.645981308411215
1979,4,19,691200,0.645981308411215
1979,4,20,950400,0.888224299065421
1979,4,21,950400,0.888224299065421
1979,4,22,950400,0.888224299065421
1979,4,23,1036800,0.968971962616822
1979,4,24,1296000,1.21121495327103
1979,4,25,1468800,1.37271028037383
1979,4,26,1296000,1.21121495327103
1979,4,27,1296000,1.21121495327103
1979,4,28,1036800,0.968971962616822
1979,4,29,1036800,0.968971962616822
1979,4,30,1123200,1.04971962616822
1979,5,1,1296000,1.21121495327103
1979,5,2,1468800,1.37271028037383
1979,5,3,1382400,1.29196261682243
1979,5,4,1209600,1.13046728971963
1979,5,5,1296000,1.21121495327103
1979,5,6,1296000,1.21121495327103
1979,5,7,1209600,1.13046728971963
1979,5,8,1382400,1.29196261682243
1979,5,9,1296000,1.21121495327103
1979,5,10,1209600,1.13046728971963
1979,5,11,1209600,1.13046728971963
1979,5,12,1123200,1.04971962616822
1979,5,13,1123200,1.04971962616822
1979,5,14,1382400,1.29196261682243
1979,5,15,1296000,1.21121495327103
1979,5,16,1123200,1.04971962616822
1979,5,17,1036800,0.968971962616822
1979,5,18,950400,0.888224299065421
1979,5,19,950400,0.888224299065421
1979,5,20,1123200,1.04971962616822
1979,5,21,1036800,0.968971962616822
1979,5,22,1036800,0.968971962616822
1979,5,23,950400,0.888224299065421
1979,5,24,950400,0.888224299065421
1979,5,25,864000,0.807476635514019
1979,5,26,864000,0.807476635514019
1979,5,27,864000,0.807476635514019
1979,5,28,864000,0.807476635514019
1979,5,29,1036800,0.968971962616822
1979,5,30,777600,0.726728971962617
1979,5,31,864000,0.807476635514019
1979,6,1,1036800,0.968971962616822
1979,6,2,1209600,1.13046728971963
1979,6,3,1382400,1.29196261682243
1979,6,4,1296000,1.21121495327103
1979,6,5,1728000,1.61495327102804
1979,6,6,2332800,2.18018691588785
1979,6,7,2160000,2.01869158878505
1979,6,8,1900800,1.77644859813084
1979,6,9,1641600,1.53420560747664
1979,6,10,1382400,1.29196261682243
1979,6,11,1209600,1.13046728971963
1979,6,12,1123200,1.04971962616822
1979,6,13,1123200,1.04971962616822
1979,6,14,2160000,2.01869158878505
1979,6,15,1728000,1.61495327102804
1979,6,16,1382400,1.29196261682243
1979,6,17,1209600,1.13046728971963
1979,6,18,1123200,1.04971962616822
1979,6,19,950400,0.888224299065421
1979,6,20,1036800,0.968971962616822
1979,6,21,950400,0.888224299065421
1979,6,22,864000,0.807476635514019
1979,6,23,950400,0.888224299065421
1979,6,24,1296000,1.21121495327103
1979,6,25,1468800,1.37271028037383
1979,6,26,1209600,1.13046728971963
1979,6,27,1209600,1.13046728971963
1979,6,28,1641600,1.53420560747664
1979,6,29,1296000,1.21121495327103
1979,6,30,1123200,1.04971962616822
1979,7,1,950400,0.888224299065421
1979,7,2,950400,0.888224299065421
1979,7,3,864000,0.807476635514019
1979,7,4,777600,0.726728971962617
1979,7,5,864000,0.807476635514019
1979,7,6,1036800,0.968971962616822
1979,7,7,1641600,1.53420560747664
1979,7,8,1468800,1.37271028037383
1979,7,9,1296000,1.21121495327103
1979,7,10,1123200,1.04971962616822
1979,7,11,950400,0.888224299065421
1979,7,12,864000,0.807476635514019
1979,7,13,777600,0.726728971962617
1979,7,14,691200,0.645981308411215
1979,7,15,604800,0.565233644859813
1979,7,16,691200,0.645981308411215
1979,7,17,691200,0.645981308411215
1979,7,18,518400,0.484485981308411
1979,7,19,518400,0.484485981308411
1979,7,20,432000,0.403738317757009
1979,7,21,345600,0.322990654205607
1979,7,22,345600,0.322990654205607
1979,7,23,345600,0.322990654205607
1979,7,24,432000,0.403738317757009
1979,7,25,345600,0.322990654205607
1979,7,26,345600,0.322990654205607
1979,7,27,345600,0.322990654205607
1979,7,28,259200,0.242242990654206
1979,7,29,259200,0.242242990654206
1979,7,30,259200,0.242242990654206
1979,7,31,259200,0.242242990654206
1979,8,1,259200,0.242242990654206
1979,8,2,259200,0.242242990654206
1979,8,3,259200,0.242242990654206
1979,8,4,172800,0.161495327102804
1979,8,5,172800,0.161495327102804
1979,8,6,172800,0.161495327102804
1979,8,7,172800,0.161495327102804
1979,8,8,172800,0.161495327102804
1979,8,9,172800,0.161495327102804
1979,8,10,172800,0.161495327102804
1979,8,11,172800,0.161495327102804
1979,8,12,172800,0.161495327102804
1979,8,13,172800,0.161495327102804
1979,8,14,172800,0.161495327102804
1979,8,15,86400,0.0807476635514019
1979,8,16,86400,0.0807476635514019
1979,8,17,86400,0.0807476635514019
1979,8,18,86400,0.0807476635514019
1979,8,19,86400,0.0807476635514019
1979,8,20,86400,0.0807476635514019
1979,8,21,86400,0.0807476635514019
1979,8,22,86400,0.0807476635514019
1979,8,23,86400,0.0807476635514019
1979,8,24,172800,0.161495327102804
1979,8,25,172800,0.161495327102804
1979,8,26,86400,0.0807476635514019
1979,8,27,86400,0.0807476635514019
1979,8,28,86400,0.0807476635514019
1979,8,29,86400,0.0807476635514019
1979,8,30,172800,0.161495327102804
1979,8,31,172800,0.161495327102804
1979,9,1,172800,0.161495327102804
1979,9,2,86400,0.0807476635514019
1979,9,3,172800,0.161495327102804
1979,9,4,259200,0.242242990654206
1979,9,5,172800,0.161495327102804
1979,9,6,172800,0.161495327102804
1979,9,7,172800,0.161495327102804
1979,9,8,172800,0.161495327102804
1979,9,9,172800,0.161495327102804
1979,9,10,172800,0.161495327102804
1979,9,11,172800,0.161495327102804
1979,9,12,172800,0.161495327102804
1979,9,13,86400,0.0807476635514019
1979,9,14,86400,0.0807476635514019
1979,9,15,86400,0.0807476635514019
1979,9,16,86400,0.0807476635514019
1979,9,17,86400,0.0807476635514019
1979,9,18,172800,0.161495327102804
1979,9,19,172800,0.161495327102804
1979,9,20,172800,0.161495327102804
1979,9,21,172800,0.161495327102804
1979,9,22,172800,0.161495327102804
1979,9,23,172800,0.161495327102804
1979,9,24,172800,0.161495327102804
1979,9,25,172800,0.161495327102804
1979,9,26,172800,0.161495327102804
1979,9,27,172800,0.161495327102804
1979,9,28,172800,0.161495327102804
1979,9,29,172800,0.161495327102804
1979,9,30,172800,0.161495327102804
1979,10,1,172800,0.161495327102804
1979,10,2,172800,0.161495327102804
1979,10,3,345600,0.322990654205607
1979,10,4,518400,0.484485981308411
1979,10,5,518400,0.484485981308411
1979,10,6,432000,0.403738317757009
1979,10,7,345600,0.322990654205607
1979,10,8,345600,0.322990654205607
1979,10,9,345600,0.322990654205607
1979,10,10,345600,0.322990654205607
1979,10,11,432000,0.403738317757009
1979,10,12,345600,0.322990654205607
1979,10,13,345600,0.322990654205607
1979,10,14,432000,0.403738317757009
1979,10,15,345600,0.322990654205607
1979,10,16,345600,0.322990654205607
1979,10,17,345600,0.322990654205607
1979,10,18,345600,0.322990654205607
1979,10,19,345600,0.322990654205607
1979,10,20,345600,0.322990654205607
1979,10,21,259200,0.242242990654206
1979,10,22,345600,0.322990654205607
1979,10,23,345600,0.322990654205607
1979,10,24,432000,0.403738317757009
1979,10,25,432000,0.403738317757009
1979,10,26,691200,0.645981308411215
1979,10,27,604800,0.565233644859813
1979,10,28,432000,0.403738317757009
1979,10,29,432000,0.403738317757009
1979,10,30,432000,0.403738317757009
1979,10,31,432000,0.403738317757009
1979,11,1,432000,0.403738317757009
1979,11,2,518400,0.484485981308411
1979,11,3,1296000,1.21121495327103
1979,11,4,864000,0.807476635514019
1979,11,5,777600,0.726728971962617
1979,11,6,691200,0.645981308411215
1979,11,7,691200,0.645981308411215
1979,11,8,777600,0.726728971962617
1979,11,9,950400,0.888224299065421
1979,11,10,777600,0.726728971962617
1979,11,11,777600,0.726728971962617
1979,11,12,691200,0.645981308411215
1979,11,13,691200,0.645981308411215
1979,11,14,691200,0.645981308411215
1979,11,15,777600,0.726728971962617
1979,11,16,864000,0.807476635514019
1979,11,17,777600,0.726728971962617
1979,11,18,691200,0.645981308411215
1979,11,19,691200,0.645981308411215
1979,11,20,691200,0.645981308411215
1979,11,21,604800,0.565233644859813
1979,11,22,604800,0.565233644859813
1979,11,23,604800,0.565233644859813
1979,11,24,518400,0.484485981308411
1979,11,25,518400,0.484485981308411
1979,11,26,518400,0.484485981308411
1979,11,27,518400,0.484485981308411
1979,11,28,518400,0.484485981308411
1979,11,29,518400,0.484485981308411
1979,11,30,518400,0.484485981308411
1979,12,1,432000,0.403738317757009
1979,12,2,432000,0.403738317757009
1979,12,3,432000,0.403738317757009
1979,12,4,432000,0.403738317757009
1979,12,5,432000,0.403738317757009
1979,12,6,432000,0.403738317757009
1979,12,7,432000,0.403738317757009
1979,12,8,432000,0.403738317757009
1979,12,9,345600,0.322990654205607
1979,12,10,345600,0.322990654205607
1979,12,11,345600,0.322990654205607
1979,12,12,345600,0.322990654205607
1979,12,13,345600,0.322990654205607
1979,12,14,432000,0.403738317757009
1979,12,15,345600,0.322990654205607
1979,12,16,345600,0.322990654205607
1979,12,17,345600,0.322990654205607
1979,12,18,345600,0.322990654205607
1979,12,19,345600,0.322990654205607
1979,12,20,345600,0.322990654205607
1979,12,21,345600,0.322990654205607
1979,12,22,345600,0.322990654205607
1979,12,23,345600,0.322990654205607
1979,12,24,345600,0.322990654205607
1979,12,25,432000,0.403738317757009
1979,12,26,345600,0.322990654205607
1979,12,27,345600,0.322990654205607
1979,12,28,345600,0.322990654205607
1979,12,29,259200,0.242242990654206
1979,12,30,345600,0.322990654205607
1979,12,31,259200,0.242242990654206
1980,1,1,259200,0.242242990654206
1980,1,2,345600,0.322990654205607
1980,1,3,345600,0.322990654205607
1980,1,4,345600,0.322990654205607
1980,1,5,345600,0.322990654205607
1980,1,6,345600,0.322990654205607
1980,1,7,259200,0.242242990654206
1980,1,8,259200,0.242242990654206
1980,1,9,259200,0.242242990654206
1980,1,10,259200,0.242242990654206
1980,1,11,259200,0.242242990654206
1980,1,12,259200,0.242242990654206
1980,1,13,259200,0.242242990654206
1980,1,14,259200,0.242242990654206
1980,1,15,259200,0.242242990654206
1980,1,16,259200,0.242242990654206
1980,1,17,259200,0.242242990654206
1980,1,18,259200,0.242242990654206
1980,1,19,345600,0.322990654205607
1980,1,20,259200,0.242242990654206
1980,1,21,259200,0.242242990654206
1980,1,22,259200,0.242242990654206
1980,1,23,259200,0.242242990654206
1980,1,24,259200,0.242242990654206
1980,1,25,259200,0.242242990654206
1980,1,26,259200,0.242242990654206
1980,1,27,259200,0.242242990654206
1980,1,28,259200,0.242242990654206
1980,1,29,259200,0.242242990654206
1980,1,30,172800,0.161495327102804
1980,1,31,259200,0.242242990654206
1980,2,1,259200,0.242242990654206
1980,2,2,259200,0.242242990654206
1980,2,3,259200,0.242242990654206
1980,2,4,259200,0.242242990654206
1980,2,5,259200,0.242242990654206
1980,2,6,259200,0.242242990654206
1980,2,7,259200,0.242242990654206
1980,2,8,259200,0.242242990654206
1980,2,9,259200,0.242242990654206
1980,2,10,259200,0.242242990654206
1980,2,11,259200,0.242242990654206
1980,2,12,259200,0.242242990654206
1980,2,13,259200,0.242242990654206
1980,2,14,259200,0.242242990654206
1980,2,15,259200,0.242242990654206
1980,2,16,259200,0.242242990654206
1980,2,17,259200,0.242242990654206
1980,2,18,259200,0.242242990654206
1980,2,19,259200,0.242242990654206
1980,2,20,259200,0.242242990654206
1980,2,21,259200,0.242242990654206
1980,2,22,259200,0.242242990654206
1980,2,23,259200,0.242242990654206
1980,2,24,259200,0.242242990654206
1980,2,25,259200,0.242242990654206
1980,2,26,259200,0.242242990654206
1980,2,27,259200,0.242242990654206
1980,2,28,259200,0.242242990654206
1980,2,29,259200,0.242242990654206
1980,3,1,259200,0.242242990654206
1980,3,2,259200,0.242242990654206
1980,3,3,259200,0.242242990654206
1980,3,4,259200,0.242242990654206
1980,3,5,259200,0.242242990654206
1980,3,6,259200,0.242242990654206
1980,3,7,259200,0.242242990654206
1980,3,8,259200,0.242242990654206
1980,3,9,259200,0.242242990654206
1980,3,10,259200,0.242242990654206
1980,3,11,345600,0.322990654205607
1980,3,12,345600,0.322990654205607
1980,3,13,345600,0.322990654205607
1980,3,14,259200,0.242242990654206
1980,3,15,259200,0.242242990654206
1980,3,16,259200,0.242242990654206
1980,3,17,259200,0.242242990654206
1980,3,18,345600,0.322990654205607
1980,3,19,259200,0.242242990654206
1980,3,20,259200,0.242242990654206
1980,3,21,345600,0.322990654205607
1980,3,22,432000,0.403738317757009
1980,3,23,518400,0.484485981308411
1980,3,24,777600,0.726728971962617
1980,3,25,864000,0.807476635514019
1980,3,26,1123200,1.04971962616822
1980,3,27,1468800,1.37271028037383
1980,3,28,1728000,1.61495327102804
1980,3,29,2592000,2.42242990654206
1980,3,30,1987200,1.85719626168224
1980,3,31,1641600,1.53420560747664
1980,4,1,1382400,1.29196261682243
1980,4,2,1468800,1.37271028037383
1980,4,3,1641600,1.53420560747664
1980,4,4,2332800,2.18018691588785
1980,4,5,2332800,2.18018691588785
1980,4,6,2160000,2.01869158878505
1980,4,7,2160000,2.01869158878505
1980,4,8,2419200,2.26093457943925
1980,4,9,2592000,2.42242990654206
1980,4,10,2851200,2.66467289719626
1980,4,11,3196800,2.98766355140187
1980,4,12,2592000,2.42242990654206
1980,4,13,2073600,1.93794392523364
1980,4,14,1555200,1.45345794392523
1980,4,15,1209600,1.13046728971963
1980,4,16,1209600,1.13046728971963
1980,4,17,1036800,0.968971962616822
1980,4,18,950400,0.888224299065421
1980,4,19,950400,0.888224299065421
1980,4,20,1036800,0.968971962616822
1980,4,21,1209600,1.13046728971963
1980,4,22,1728000,1.61495327102804
1980,4,23,2073600,1.93794392523364
1980,4,24,1987200,1.85719626168224
1980,4,25,2160000,2.01869158878505
1980,4,26,2678400,2.50317757009346
1980,4,27,2073600,1.93794392523364
1980,4,28,1728000,1.61495327102804
1980,4,29,1555200,1.45345794392523
1980,4,30,1555200,1.45345794392523
1980,5,1,1641600,1.53420560747664
1980,5,2,1641600,1.53420560747664
1980,5,3,1814400,1.69570093457944
1980,5,4,1987200,1.85719626168224
1980,5,5,1728000,1.61495327102804
1980,5,6,1641600,1.53420560747664
1980,5,7,1641600,1.53420560747664
1980,5,8,1728000,1.61495327102804
1980,5,9,2160000,2.01869158878505
1980,5,10,2073600,1.93794392523364
1980,5,11,1900800,1.77644859813084
1980,5,12,1814400,1.69570093457944
1980,5,13,1987200,1.85719626168224
1980,5,14,2160000,2.01869158878505
1980,5,15,2160000,2.01869158878505
1980,5,16,1728000,1.61495327102804
1980,5,17,1641600,1.53420560747664
1980,5,18,1641600,1.53420560747664
1980,5,19,1728000,1.61495327102804
1980,5,20,1555200,1.45345794392523
1980,5,21,1555200,1.45345794392523
1980,5,22,1641600,1.53420560747664
1980,5,23,1900800,1.77644859813084
1980,5,24,1468800,1.37271028037383
1980,5,25,1296000,1.21121495327103
1980,5,26,1209600,1.13046728971963
1980,5,27,1123200,1.04971962616822
1980,5,28,1123200,1.04971962616822
1980,5,29,950400,0.888224299065421
1980,5,30,864000,0.807476635514019
1980,5,31,864000,0.807476635514019
1980,6,1,777600,0.726728971962617
1980,6,2,777600,0.726728971962617
1980,6,3,691200,0.645981308411215
1980,6,4,691200,0.645981308411215
1980,6,5,604800,0.565233644859813
1980,6,6,604800,0.565233644859813
1980,6,7,518400,0.484485981308411
1980,6,8,518400,0.484485981308411
1980,6,9,432000,0.403738317757009
1980,6,10,432000,0.403738317757009
1980,6,11,345600,0.322990654205607
1980,6,12,259200,0.242242990654206
1980,6,13,259200,0.242242990654206
1980,6,14,259200,0.242242990654206
1980,6,15,259200,0.242242990654206
1980,6,16,259200,0.242242990654206
1980,6,17,345600,0.322990654205607
1980,6,18,432000,0.403738317757009
1980,6,19,432000,0.403738317757009
1980,6,20,432000,0.403738317757009
1980,6,21,345600,0.322990654205607
1980,6,22,432000,0.403738317757009
1980,6,23,345600,0.322990654205607
1980,6,24,345600,0.322990654205607
1980,6,25,259200,0.242242990654206
1980,6,26,259200,0.242242990654206
1980,6,27,259200,0.242242990654206
1980,6,28,172800,0.161495327102804
1980,6,29,172800,0.161495327102804
1980,6,30,172800,0.161495327102804
1980,7,1,172800,0.161495327102804
1980,7,2,259200,0.242242990654206
1980,7,3,345600,0.322990654205607
1980,7,4,259200,0.242242990654206
1980,7,5,259200,0.242242990654206
1980,7,6,172800,0.161495327102804
1980,7,7,172800,0.161495327102804
1980,7,8,172800,0.161495327102804
1980,7,9,172800,0.161495327102804
1980,7,10,172800,0.161495327102804
1980,7,11,172800,0.161495327102804
1980,7,12,172800,0.161495327102804
1980,7,13,172800,0.161495327102804
1980,7,14,86400,0.0807476635514019
1980,7,15,172800,0.161495327102804
1980,7,16,172800,0.161495327102804
1980,7,17,172800,0.161495327102804
1980,7,18,172800,0.161495327102804
1980,7,19,172800,0.161495327102804
1980,7,20,172800,0.161495327102804
1980,7,21,86400,0.0807476635514019
1980,7,22,172800,0.161495327102804
1980,7,23,172800,0.161495327102804
1980,7,24,259200,0.242242990654206
1980,7,25,259200,0.242242990654206
1980,7,26,432000,0.403738317757009
1980,7,27,259200,0.242242990654206
1980,7,28,172800,0.161495327102804
1980,7,29,172800,0.161495327102804
1980,7,30,172800,0.161495327102804
1980,7,31,172800,0.161495327102804
1980,8,1,259200,0.242242990654206
1980,8,2,172800,0.161495327102804
1980,8,3,345600,0.322990654205607
1980,8,4,259200,0.242242990654206
1980,8,5,259200,0.242242990654206
1980,8,6,345600,0.322990654205607
1980,8,7,259200,0.242242990654206
1980,8,8,172800,0.161495327102804
1980,8,9,172800,0.161495327102804
1980,8,10,172800,0.161495327102804
1980,8,11,172800,0.161495327102804
1980,8,12,172800,0.161495327102804
1980,8,13,259200,0.242242990654206
1980,8,14,172800,0.161495327102804
1980,8,15,172800,0.161495327102804
1980,8,16,172800,0.161495327102804
1980,8,17,172800,0.161495327102804
1980,8,18,172800,0.161495327102804
1980,8,19,86400,0.0807476635514019
1980,8,20,86400,0.0807476635514019
1980,8,21,172800,0.161495327102804
1980,8,22,172800,0.161495327102804
1980,8,23,86400,0.0807476635514019
1980,8,24,86400,0.0807476635514019
1980,8,25,86400,0.0807476635514019
1980,8,26,86400,0.0807476635514019
1980,8,27,86400,0.0807476635514019
1980,8,28,86400,0.0807476635514019
1980,8,29,172800,0.161495327102804
1980,8,30,86400,0.0807476635514019
1980,8,31,86400,0.0807476635514019
1980,9,1,86400,0.0807476635514019
1980,9,2,86400,0.0807476635514019
1980,9,3,86400,0.0807476635514019
1980,9,4,86400,0.0807476635514019
1980,9,5,86400,0.0807476635514019
1980,9,6,86400,0.0807476635514019
1980,9,7,86400,0.0807476635514019
1980,9,8,172800,0.161495327102804
1980,9,9,172800,0.161495327102804
1980,9,10,172800,0.161495327102804
1980,9,11,172800,0.161495327102804
1980,9,12,172800,0.161495327102804
1980,9,13,172800,0.161495327102804
1980,9,14,172800,0.161495327102804
1980,9,15,172800,0.161495327102804
1980,9,16,172800,0.161495327102804
1980,9,17,172800,0.161495327102804
1980,9,18,172800,0.161495327102804
1980,9,19,172800,0.161495327102804
1980,9,20,172800,0.161495327102804
1980,9,21,259200,0.242242990654206
1980,9,22,172800,0.161495327102804
1980,9,23,172800,0.161495327102804
1980,9,24,172800,0.161495327102804
1980,9,25,172800,0.161495327102804
1980,9,26,172800,0.161495327102804
1980,9,27,172800,0.161495327102804
1980,9,28,172800,0.161495327102804
1980,9,29,172800,0.161495327102804
1980,9,30,172800,0.161495327102804
1980,10,1,259200,0.242242990654206
1980,10,2,345600,0.322990654205607
1980,10,3,259200,0.242242990654206
1980,10,4,259200,0.242242990654206
1980,10,5,345600,0.322990654205607
1980,10,6,259200,0.242242990654206
1980,10,7,259200,0.242242990654206
1980,10,8,259200,0.242242990654206
1980,10,9,259200,0.242242990654206
1980,10,10,259200,0.242242990654206
1980,10,11,259200,0.242242990654206
1980,10,12,259200,0.242242990654206
1980,10,13,259200,0.242242990654206
1980,10,14,259200,0.242242990654206
1980,10,15,259200,0.242242990654206
1980,10,16,259200,0.242242990654206
1980,10,17,259200,0.242242990654206
1980,10,18,259200,0.242242990654206
1980,10,19,259200,0.242242990654206
1980,10,20,259200,0.242242990654206
1980,10,21,259200,0.242242990654206
1980,10,22,259200,0.242242990654206
1980,10,23,259200,0.242242990654206
1980,10,24,259200,0.242242990654206
1980,10,25,259200,0.242242990654206
1980,10,26,259200,0.242242990654206
1980,10,27,259200,0.242242990654206
1980,10,28,259200,0.242242990654206
1980,10,29,345600,0.322990654205607
1980,10,30,259200,0.242242990654206
1980,10,31,259200,0.242242990654206
1980,11,1,345600,0.322990654205607
1980,11,2,345600,0.322990654205607
1980,11,3,345600,0.322990654205607
1980,11,4,259200,0.242242990654206
1980,11,5,259200,0.242242990654206
1980,11,6,259200,0.242242990654206
1980,11,7,259200,0.242242990654206
1980,11,8,259200,0.242242990654206
1980,11,9,345600,0.322990654205607
1980,11,10,259200,0.242242990654206
1980,11,11,259200,0.242242990654206
1980,11,12,259200,0.242242990654206
1980,11,13,345600,0.322990654205607
1980,11,14,345600,0.322990654205607
1980,11,15,259200,0.242242990654206
1980,11,16,259200,0.242242990654206
1980,11,17,345600,0.322990654205607
1980,11,18,259200,0.242242990654206
1980,11,19,259200,0.242242990654206
1980,11,20,259200,0.242242990654206
1980,11,21,259200,0.242242990654206
1980,11,22,345600,0.322990654205607
1980,11,23,259200,0.242242990654206
1980,11,24,259200,0.242242990654206
1980,11,25,259200,0.242242990654206
1980,11,26,345600,0.322990654205607
1980,11,27,345600,0.322990654205607
1980,11,28,259200,0.242242990654206
1980,11,29,259200,0.242242990654206
1980,11,30,259200,0.242242990654206
1980,12,1,259200,0.242242990654206
1980,12,2,259200,0.242242990654206
1980,12,3,259200,0.242242990654206
1980,12,4,259200,0.242242990654206
1980,12,5,259200,0.242242990654206
1980,12,6,259200,0.242242990654206
1980,12,7,259200,0.242242990654206
1980,12,8,259200,0.242242990654206
1980,12,9,259200,0.242242990654206
1980,12,10,259200,0.242242990654206
1980,12,11,259200,0.242242990654206
1980,12,12,259200,0.242242990654206
1980,12,13,259200,0.242242990654206
1980,12,14,259200,0.242242990654206
1980,12,15,259200,0.242242990654206
1980,12,16,259200,0.242242990654206
1980,12,17,259200,0.242242990654206
1980,12,18,259200,0.242242990654206
1980,12,19,259200,0.242242990654206
1980,12,20,259200,0.242242990654206
1980,12,21,259200,0.242242990654206
1980,12,22,259200,0.242242990654206
1980,12,23,259200,0.242242990654206
1980,12,24,259200,0.242242990654206
1980,12,25,259200,0.242242990654206
1980,12,26,259200,0.242242990654206
1980,12,27,259200,0.242242990654206
1980,12,28,259200,0.242242990654206
1980,12,29,259200,0.242242990654206
1980,12,30,259200,0.242242990654206
1980,12,31,259200,0.242242990654206
1981,1,1,259200,0.242242990654206
1981,1,2,259200,0.242242990654206
1981,1,3,259200,0.242242990654206
1981,1,4,259200,0.242242990654206
1981,1,5,259200,0.242242990654206
1981,1,6,259200,0.242242990654206
1981,1,7,259200,0.242242990654206
1981,1,8,259200,0.242242990654206
1981,1,9,259200,0.242242990654206
1981,1,10,259200,0.242242990654206
1981,1,11,259200,0.242242990654206
1981,1,12,259200,0.242242990654206
1981,1,13,259200,0.242242990654206
1981,1,14,259200,0.242242990654206
1981,1,15,259200,0.242242990654206
1981,1,16,259200,0.242242990654206
1981,1,17,259200,0.242242990654206
1981,1,18,259200,0.242242990654206
1981,1,19,259200,0.242242990654206
1981,1,20,259200,0.242242990654206
1981,1,21,259200,0.242242990654206
1981,1,22,259200,0.242242990654206
1981,1,23,259200,0.242242990654206
1981,1,24,259200,0.242242990654206
1981,1,25,259200,0.242242990654206
1981,1,26,259200,0.242242990654206
1981,1,27,259200,0.242242990654206
1981,1,28,259200,0.242242990654206
1981,1,29,259200,0.242242990654206
1981,1,30,259200,0.242242990654206
1981,1,31,172800,0.161495327102804
1981,2,1,259200,0.242242990654206
1981,2,2,172800,0.161495327102804
1981,2,3,172800,0.161495327102804
1981,2,4,259200,0.242242990654206
1981,2,5,259200,0.242242990654206
1981,2,6,259200,0.242242990654206
1981,2,7,259200,0.242242990654206
1981,2,8,259200,0.242242990654206
1981,2,9,259200,0.242242990654206
1981,2,10,259200,0.242242990654206
1981,2,11,259200,0.242242990654206
1981,2,12,259200,0.242242990654206
1981,2,13,259200,0.242242990654206
1981,2,14,259200,0.242242990654206
1981,2,15,259200,0.242242990654206
1981,2,16,259200,0.242242990654206
1981,2,17,259200,0.242242990654206
1981,2,18,259200,0.242242990654206
1981,2,19,259200,0.242242990654206
1981,2,20,259200,0.242242990654206
1981,2,21,259200,0.242242990654206
1981,2,22,259200,0.242242990654206
1981,2,23,259200,0.242242990654206
1981,2,24,259200,0.242242990654206
1981,2,25,259200,0.242242990654206
1981,2,26,259200,0.242242990654206
1981,2,27,172800,0.161495327102804
1981,2,28,259200,0.242242990654206
1981,3,1,259200,0.242242990654206
1981,3,2,259200,0.242242990654206
1981,3,3,259200,0.242242990654206
1981,3,4,259200,0.242242990654206
1981,3,5,259200,0.242242990654206
1981,3,6,259200,0.242242990654206
1981,3,7,259200,0.242242990654206
1981,3,8,345600,0.322990654205607
1981,3,9,345600,0.322990654205607
1981,3,10,432000,0.403738317757009
1981,3,11,432000,0.403738317757009
1981,3,12,432000,0.403738317757009
1981,3,13,345600,0.322990654205607
1981,3,14,345600,0.322990654205607
1981,3,15,432000,0.403738317757009
1981,3,16,345600,0.322990654205607
1981,3,17,259200,0.242242990654206
1981,3,18,259200,0.242242990654206
1981,3,19,259200,0.242242990654206
1981,3,20,432000,0.403738317757009
1981,3,21,604800,0.565233644859813
1981,3,22,432000,0.403738317757009
1981,3,23,432000,0.403738317757009
1981,3,24,345600,0.322990654205607
1981,3,25,345600,0.322990654205607
1981,3,26,345600,0.322990654205607
1981,3,27,345600,0.322990654205607
1981,3,28,345600,0.322990654205607
1981,3,29,345600,0.322990654205607
1981,3,30,345600,0.322990654205607
1981,3,31,345600,0.322990654205607
1981,4,1,259200,0.242242990654206
1981,4,2,259200,0.242242990654206
1981,4,3,259200,0.242242990654206
1981,4,4,259200,0.242242990654206
1981,4,5,345600,0.322990654205607
1981,4,6,345600,0.322990654205607
1981,4,7,259200,0.242242990654206
1981,4,8,259200,0.242242990654206
1981,4,9,259200,0.242242990654206
1981,4,10,259200,0.242242990654206
1981,4,11,259200,0.242242990654206
1981,4,12,345600,0.322990654205607
1981,4,13,345600,0.322990654205607
1981,4,14,345600,0.322990654205607
1981,4,15,518400,0.484485981308411
1981,4,16,604800,0.565233644859813
1981,4,17,518400,0.484485981308411
1981,4,18,518400,0.484485981308411
1981,4,19,777600,0.726728971962617
1981,4,20,2073600,1.93794392523364
1981,4,21,2419200,2.26093457943925
1981,4,22,2073600,1.93794392523364
1981,4,23,2073600,1.93794392523364
1981,4,24,1814400,1.69570093457944
1981,4,25,2678400,2.50317757009346
1981,4,26,1814400,1.69570093457944
1981,4,27,1555200,1.45345794392523
1981,4,28,1382400,1.29196261682243
1981,4,29,1123200,1.04971962616822
1981,4,30,1382400,1.29196261682243
1981,5,1,1123200,1.04971962616822
1981,5,2,950400,0.888224299065421
1981,5,3,864000,0.807476635514019
1981,5,4,864000,0.807476635514019
1981,5,5,864000,0.807476635514019
1981,5,6,864000,0.807476635514019
1981,5,7,1209600,1.13046728971963
1981,5,8,1382400,1.29196261682243
1981,5,9,1468800,1.37271028037383
1981,5,10,1728000,1.61495327102804
1981,5,11,1468800,1.37271028037383
1981,5,12,1555200,1.45345794392523
1981,5,13,1296000,1.21121495327103
1981,5,14,1468800,1.37271028037383
1981,5,15,1382400,1.29196261682243
1981,5,16,1123200,1.04971962616822
1981,5,17,950400,0.888224299065421
1981,5,18,777600,0.726728971962617
1981,5,19,777600,0.726728971962617
1981,5,20,864000,0.807476635514019
1981,5,21,691200,0.645981308411215
1981,5,22,950400,0.888224299065421
1981,5,23,950400,0.888224299065421
1981,5,24,1468800,1.37271028037383
1981,5,25,1382400,1.29196261682243
1981,5,26,1296000,1.21121495327103
1981,5,27,1555200,1.45345794392523
1981,5,28,1641600,1.53420560747664
1981,5,29,1382400,1.29196261682243
1981,5,30,1296000,1.21121495327103
1981,5,31,1296000,1.21121495327103
1981,6,1,1296000,1.21121495327103
1981,6,2,1296000,1.21121495327103
1981,6,3,1814400,1.69570093457944
1981,6,4,2246400,2.09943925233645
1981,6,5,2505600,2.34168224299065
1981,6,6,2160000,2.01869158878505
1981,6,7,1900800,1.77644859813084
1981,6,8,1728000,1.61495327102804
1981,6,9,1468800,1.37271028037383
1981,6,10,1296000,1.21121495327103
1981,6,11,1209600,1.13046728971963
1981,6,12,1123200,1.04971962616822
1981,6,13,950400,0.888224299065421
1981,6,14,1036800,0.968971962616822
1981,6,15,1123200,1.04971962616822
1981,6,16,1123200,1.04971962616822
1981,6,17,1382400,1.29196261682243
1981,6,18,1209600,1.13046728971963
1981,6,19,1036800,0.968971962616822
1981,6,20,864000,0.807476635514019
1981,6,21,864000,0.807476635514019
1981,6,22,777600,0.726728971962617
1981,6,23,777600,0.726728971962617
1981,6,24,864000,0.807476635514019
1981,6,25,777600,0.726728971962617
1981,6,26,691200,0.645981308411215
1981,6,27,691200,0.645981308411215
1981,6,28,777600,0.726728971962617
1981,6,29,777600,0.726728971962617
1981,6,30,950400,0.888224299065421
1981,7,1,1036800,0.968971962616822
1981,7,2,864000,0.807476635514019
1981,7,3,777600,0.726728971962617
1981,7,4,950400,0.888224299065421
1981,7,5,864000,0.807476635514019
1981,7,6,864000,0.807476635514019
1981,7,7,1123200,1.04971962616822
1981,7,8,1382400,1.29196261682243
1981,7,9,950400,0.888224299065421
1981,7,10,864000,0.807476635514019
1981,7,11,777600,0.726728971962617
1981,7,12,691200,0.645981308411215
1981,7,13,604800,0.565233644859813
1981,7,14,518400,0.484485981308411
1981,7,15,432000,0.403738317757009
1981,7,16,345600,0.322990654205607
1981,7,17,518400,0.484485981308411
1981,7,18,604800,0.565233644859813
1981,7,19,432000,0.403738317757009
1981,7,20,345600,0.322990654205607
1981,7,21,345600,0.322990654205607
1981,7,22,345600,0.322990654205607
1981,7,23,345600,0.322990654205607
1981,7,24,172800,0.161495327102804
1981,7,25,172800,0.161495327102804
1981,7,26,172800,0.161495327102804
1981,7,27,172800,0.161495327102804
1981,7,28,172800,0.161495327102804
1981,7,29,172800,0.161495327102804
1981,7,30,86400,0.0807476635514019
1981,7,31,86400,0.0807476635514019
1981,8,1,86400,0.0807476635514019
1981,8,2,86400,0.0807476635514019
1981,8,3,86400,0.0807476635514019
1981,8,4,86400,0.0807476635514019
1981,8,5,172800,0.161495327102804
1981,8,6,604800,0.565233644859813
1981,8,7,345600,0.322990654205607
1981,8,8,259200,0.242242990654206
1981,8,9,345600,0.322990654205607
1981,8,10,345600,0.322990654205607
1981,8,11,259200,0.242242990654206
1981,8,12,259200,0.242242990654206
1981,8,13,172800,0.161495327102804
1981,8,14,172800,0.161495327102804
1981,8,15,259200,0.242242990654206
1981,8,16,172800,0.161495327102804
1981,8,17,432000,0.403738317757009
1981,8,18,259200,0.242242990654206
1981,8,19,259200,0.242242990654206
1981,8,20,259200,0.242242990654206
1981,8,21,259200,0.242242990654206
1981,8,22,259200,0.242242990654206
1981,8,23,259200,0.242242990654206
1981,8,24,345600,0.322990654205607
1981,8,25,259200,0.242242990654206
1981,8,26,259200,0.242242990654206
1981,8,27,259200,0.242242990654206
1981,8,28,259200,0.242242990654206
1981,8,29,172800,0.161495327102804
1981,8,30,172800,0.161495327102804
1981,8,31,172800,0.161495327102804
1981,9,1,172800,0.161495327102804
1981,9,2,172800,0.161495327102804
1981,9,3,172800,0.161495327102804
1981,9,4,172800,0.161495327102804
1981,9,5,172800,0.161495327102804
1981,9,6,172800,0.161495327102804
1981,9,7,86400,0.0807476635514019
1981,9,8,86400,0.0807476635514019
1981,9,9,86400,0.0807476635514019
1981,9,10,172800,0.161495327102804
1981,9,11,172800,0.161495327102804
1981,9,12,172800,0.161495327102804
1981,9,13,172800,0.161495327102804
1981,9,14,172800,0.161495327102804
1981,9,15,172800,0.161495327102804
1981,9,16,172800,0.161495327102804
1981,9,17,86400,0.0807476635514019
1981,9,18,86400,0.0807476635514019
1981,9,19,86400,0.0807476635514019
1981,9,20,86400,0.0807476635514019
1981,9,21,172800,0.161495327102804
1981,9,22,86400,0.0807476635514019
1981,9,23,86400,0.0807476635514019
1981,9,24,86400,0.0807476635514019
1981,9,25,86400,0.0807476635514019
1981,9,26,86400,0.0807476635514019
1981,9,27,86400,0.0807476635514019
1981,9,28,86400,0.0807476635514019
1981,9,29,86400,0.0807476635514019
1981,9,30,86400,0.0807476635514019
1981,10,1,86400,0.0807476635514019
1981,10,2,86400,0.0807476635514019
1981,10,3,86400,0.0807476635514019
1981,10,4,86400,0.0807476635514019
1981,10,5,86400,0.0807476635514019
1981,10,6,172800,0.161495327102804
1981,10,7,172800,0.161495327102804
1981,10,8,172800,0.161495327102804
1981,10,9,172800,0.161495327102804
1981,10,10,172800,0.161495327102804
1981,10,11,172800,0.161495327102804
1981,10,12,172800,0.161495327102804
1981,10,13,172800,0.161495327102804
1981,10,14,172800,0.161495327102804
1981,10,15,172800,0.161495327102804
1981,10,16,518400,0.484485981308411
1981,10,17,259200,0.242242990654206
1981,10,18,259200,0.242242990654206
1981,10,19,259200,0.242242990654206
1981,10,20,259200,0.242242990654206
1981,10,21,259200,0.242242990654206
1981,10,22,259200,0.242242990654206
1981,10,23,259200,0.242242990654206
1981,10,24,172800,0.161495327102804
1981,10,25,172800,0.161495327102804
1981,10,26,172800,0.161495327102804
1981,10,27,172800,0.161495327102804
1981,10,28,172800,0.161495327102804
1981,10,29,172800,0.161495327102804
1981,10,30,259200,0.242242990654206
1981,10,31,172800,0.161495327102804
1981,11,1,259200,0.242242990654206
1981,11,2,259200,0.242242990654206
1981,11,3,259200,0.242242990654206
1981,11,4,259200,0.242242990654206
1981,11,5,345600,0.322990654205607
1981,11,6,259200,0.242242990654206
1981,11,7,259200,0.242242990654206
1981,11,8,259200,0.242242990654206
1981,11,9,259200,0.242242990654206
1981,11,10,259200,0.242242990654206
1981,11,11,345600,0.322990654205607
1981,11,12,432000,0.403738317757009
1981,11,13,604800,0.565233644859813
1981,11,14,345600,0.322990654205607
1981,11,15,345600,0.322990654205607
1981,11,16,345600,0.322990654205607
1981,11,17,345600,0.322990654205607
1981,11,18,345600,0.322990654205607
1981,11,19,345600,0.322990654205607
1981,11,20,345600,0.322990654205607
1981,11,21,345600,0.322990654205607
1981,11,22,259200,0.242242990654206
1981,11,23,259200,0.242242990654206
1981,11,24,259200,0.242242990654206
1981,11,25,259200,0.242242990654206
1981,11,26,259200,0.242242990654206
1981,11,27,259200,0.242242990654206
1981,11,28,259200,0.242242990654206
1981,11,29,259200,0.242242990654206
1981,11,30,259200,0.242242990654206
1981,12,1,259200,0.242242990654206
1981,12,2,259200,0.242242990654206
1981,12,3,259200,0.242242990654206
1981,12,4,259200,0.242242990654206
1981,12,5,259200,0.242242990654206
1981,12,6,259200,0.242242990654206
1981,12,7,259200,0.242242990654206
1981,12,8,259200,0.242242990654206
1981,12,9,259200,0.242242990654206
1981,12,10,259200,0.242242990654206
1981,12,11,259200,0.242242990654206
1981,12,12,259200,0.242242990654206
1981,12,13,259200,0.242242990654206
1981,12,14,259200,0.242242990654206
1981,12,15,259200,0.242242990654206
1981,12,16,259200,0.242242990654206
1981,12,17,259200,0.242242990654206
1981,12,18,259200,0.242242990654206
1981,12,19,172800,0.161495327102804
1981,12,20,259200,0.242242990654206
1981,12,21,259200,0.242242990654206
1981,12,22,259200,0.242242990654206
1981,12,23,259200,0.242242990654206
1981,12,24,259200,0.242242990654206
1981,12,25,259200,0.242242990654206
1981,12,26,259200,0.242242990654206
1981,12,27,259200,0.242242990654206
1981,12,28,259200,0.242242990654206
1981,12,29,259200,0.242242990654206
1981,12,30,259200,0.242242990654206
1981,12,31,259200,0.242242990654206
1982,1,1,259200,0.242242990654206
1982,1,2,259200,0.242242990654206
1982,1,3,259200,0.242242990654206
1982,1,4,172800,0.161495327102804
1982,1,5,172800,0.161495327102804
1982,1,6,172800,0.161495327102804
1982,1,7,259200,0.242242990654206
1982,1,8,259200,0.242242990654206
1982,1,9,172800,0.161495327102804
1982,1,10,172800,0.161495327102804
1982,1,11,172800,0.161495327102804
1982,1,12,259200,0.242242990654206
1982,1,13,259200,0.242242990654206
1982,1,14,259200,0.242242990654206
1982,1,15,172800,0.161495327102804
1982,1,16,172800,0.161495327102804
1982,1,17,172800,0.161495327102804
1982,1,18,172800,0.161495327102804
1982,1,19,172800,0.161495327102804
1982,1,20,172800,0.161495327102804
1982,1,21,172800,0.161495327102804
1982,1,22,172800,0.161495327102804
1982,1,23,172800,0.161495327102804
1982,1,24,172800,0.161495327102804
1982,1,25,172800,0.161495327102804
1982,1,26,172800,0.161495327102804
1982,1,27,259200,0.242242990654206
1982,1,28,259200,0.242242990654206
1982,1,29,172800,0.161495327102804
1982,1,30,172800,0.161495327102804
1982,1,31,172800,0.161495327102804
1982,2,1,259200,0.242242990654206
1982,2,2,259200,0.242242990654206
1982,2,3,259200,0.242242990654206
1982,2,4,172800,0.161495327102804
1982,2,5,172800,0.161495327102804
1982,2,6,172800,0.161495327102804
1982,2,7,172800,0.161495327102804
1982,2,8,172800,0.161495327102804
1982,2,9,172800,0.161495327102804
1982,2,10,172800,0.161495327102804
1982,2,11,172800,0.161495327102804
1982,2,12,172800,0.161495327102804
1982,2,13,172800,0.161495327102804
1982,2,14,172800,0.161495327102804
1982,2,15,172800,0.161495327102804
1982,2,16,172800,0.161495327102804
1982,2,17,172800,0.161495327102804
1982,2,18,172800,0.161495327102804
1982,2,19,172800,0.161495327102804
1982,2,20,172800,0.161495327102804
1982,2,21,172800,0.161495327102804
1982,2,22,172800,0.161495327102804
1982,2,23,172800,0.161495327102804
1982,2,24,172800,0.161495327102804
1982,2,25,172800,0.161495327102804
1982,2,26,172800,0.161495327102804
1982,2,27,172800,0.161495327102804
1982,2,28,259200,0.242242990654206
1982,3,1,172800,0.161495327102804
1982,3,2,259200,0.242242990654206
1982,3,3,259200,0.242242990654206
1982,3,4,259200,0.242242990654206
1982,3,5,259200,0.242242990654206
1982,3,6,259200,0.242242990654206
1982,3,7,259200,0.242242990654206
1982,3,8,259200,0.242242990654206
1982,3,9,259200,0.242242990654206
1982,3,10,259200,0.242242990654206
1982,3,11,259200,0.242242990654206
1982,3,12,172800,0.161495327102804
1982,3,13,172800,0.161495327102804
1982,3,14,259200,0.242242990654206
1982,3,15,259200,0.242242990654206
1982,3,16,259200,0.242242990654206
1982,3,17,259200,0.242242990654206
1982,3,18,345600,0.322990654205607
1982,3,19,259200,0.242242990654206
1982,3,20,259200,0.242242990654206
1982,3,21,259200,0.242242990654206
1982,3,22,259200,0.242242990654206
1982,3,23,259200,0.242242990654206
1982,3,24,259200,0.242242990654206
1982,3,25,172800,0.161495327102804
1982,3,26,259200,0.242242990654206
1982,3,27,172800,0.161495327102804
1982,3,28,259200,0.242242990654206
1982,3,29,259200,0.242242990654206
1982,3,30,259200,0.242242990654206
1982,3,31,345600,0.322990654205607
1982,4,1,604800,0.565233644859813
1982,4,2,864000,0.807476635514019
1982,4,3,777600,0.726728971962617
1982,4,4,864000,0.807476635514019
1982,4,5,1209600,1.13046728971963
1982,4,6,1296000,1.21121495327103
1982,4,7,1123200,1.04971962616822
1982,4,8,864000,0.807476635514019
1982,4,9,691200,0.645981308411215
1982,4,10,777600,0.726728971962617
1982,4,11,1209600,1.13046728971963
1982,4,12,1900800,1.77644859813084
1982,4,13,2505600,2.34168224299065
1982,4,14,2678400,2.50317757009346
1982,4,15,2764800,2.58392523364486
1982,4,16,3024000,2.82616822429907
1982,4,17,3974400,3.71439252336449
1982,4,18,3456000,3.22990654205607
1982,4,19,3024000,2.82616822429907
1982,4,20,2419200,2.26093457943925
1982,4,21,2073600,1.93794392523364
1982,4,22,2073600,1.93794392523364
1982,4,23,2073600,1.93794392523364
1982,4,24,2073600,1.93794392523364
1982,4,25,1728000,1.61495327102804
1982,4,26,1641600,1.53420560747664
1982,4,27,1728000,1.61495327102804
1982,4,28,1814400,1.69570093457944
1982,4,29,1641600,1.53420560747664
1982,4,30,1641600,1.53420560747664
1982,5,1,1814400,1.69570093457944
1982,5,2,1814400,1.69570093457944
1982,5,3,1555200,1.45345794392523
1982,5,4,1555200,1.45345794392523
1982,5,5,1382400,1.29196261682243
1982,5,6,1296000,1.21121495327103
1982,5,7,1296000,1.21121495327103
1982,5,8,1555200,1.45345794392523
1982,5,9,1555200,1.45345794392523
1982,5,10,1382400,1.29196261682243
1982,5,11,1296000,1.21121495327103
1982,5,12,1382400,1.29196261682243
1982,5,13,1641600,1.53420560747664
1982,5,14,2160000,2.01869158878505
1982,5,15,1900800,1.77644859813084
1982,5,16,1900800,1.77644859813084
1982,5,17,1814400,1.69570093457944
1982,5,18,1641600,1.53420560747664
1982,5,19,1641600,1.53420560747664
1982,5,20,1555200,1.45345794392523
1982,5,21,1296000,1.21121495327103
1982,5,22,1468800,1.37271028037383
1982,5,23,1468800,1.37271028037383
1982,5,24,1641600,1.53420560747664
1982,5,25,1555200,1.45345794392523
1982,5,26,1555200,1.45345794392523
1982,5,27,1468800,1.37271028037383
1982,5,28,1296000,1.21121495327103
1982,5,29,1209600,1.13046728971963
1982,5,30,1209600,1.13046728971963
1982,5,31,1468800,1.37271028037383
1982,6,1,1296000,1.21121495327103
1982,6,2,1123200,1.04971962616822
1982,6,3,1209600,1.13046728971963
1982,6,4,1468800,1.37271028037383
1982,6,5,1641600,1.53420560747664
1982,6,6,1468800,1.37271028037383
1982,6,7,1296000,1.21121495327103
1982,6,8,1209600,1.13046728971963
1982,6,9,1036800,0.968971962616822
1982,6,10,1123200,1.04971962616822
1982,6,11,1209600,1.13046728971963
1982,6,12,950400,0.888224299065421
1982,6,13,864000,0.807476635514019
1982,6,14,864000,0.807476635514019
1982,6,15,864000,0.807476635514019
1982,6,16,777600,0.726728971962617
1982,6,17,691200,0.645981308411215
1982,6,18,691200,0.645981308411215
1982,6,19,691200,0.645981308411215
1982,6,20,604800,0.565233644859813
1982,6,21,604800,0.565233644859813
1982,6,22,604800,0.565233644859813
1982,6,23,604800,0.565233644859813
1982,6,24,777600,0.726728971962617
1982,6,25,604800,0.565233644859813
1982,6,26,691200,0.645981308411215
1982,6,27,691200,0.645981308411215
1982,6,28,604800,0.565233644859813
1982,6,29,432000,0.403738317757009
1982,6,30,432000,0.403738317757009
1982,7,1,604800,0.565233644859813
1982,7,2,604800,0.565233644859813
1982,7,3,432000,0.403738317757009
1982,7,4,432000,0.403738317757009
1982,7,5,691200,0.645981308411215
1982,7,6,777600,0.726728971962617
1982,7,7,518400,0.484485981308411
1982,7,8,432000,0.403738317757009
1982,7,9,345600,0.322990654205607
1982,7,10,345600,0.322990654205607
1982,7,11,259200,0.242242990654206
1982,7,12,259200,0.242242990654206
1982,7,13,259200,0.242242990654206
1982,7,14,172800,0.161495327102804
1982,7,15,259200,0.242242990654206
1982,7,16,259200,0.242242990654206
1982,7,17,172800,0.161495327102804
1982,7,18,172800,0.161495327102804
1982,7,19,172800,0.161495327102804
1982,7,20,172800,0.161495327102804
1982,7,21,172800,0.161495327102804
1982,7,22,172800,0.161495327102804
1982,7,23,172800,0.161495327102804
1982,7,24,259200,0.242242990654206
1982,7,25,172800,0.161495327102804
1982,7,26,172800,0.161495327102804
1982,7,27,172800,0.161495327102804
1982,7,28,345600,0.322990654205607
1982,7,29,518400,0.484485981308411
1982,7,30,691200,0.645981308411215
1982,7,31,777600,0.726728971962617
1982,8,1,777600,0.726728971962617
1982,8,2,604800,0.565233644859813
1982,8,3,432000,0.403738317757009
1982,8,4,432000,0.403738317757009
1982,8,5,345600,0.322990654205607
1982,8,6,259200,0.242242990654206
1982,8,7,691200,0.645981308411215
1982,8,8,777600,0.726728971962617
1982,8,9,777600,0.726728971962617
1982,8,10,604800,0.565233644859813
1982,8,11,604800,0.565233644859813
1982,8,12,518400,0.484485981308411
1982,8,13,432000,0.403738317757009
1982,8,14,345600,0.322990654205607
1982,8,15,345600,0.322990654205607
1982,8,16,259200,0.242242990654206
1982,8,17,259200,0.242242990654206
1982,8,18,259200,0.242242990654206
1982,8,19,259200,0.242242990654206
1982,8,20,259200,0.242242990654206
1982,8,21,259200,0.242242990654206
1982,8,22,259200,0.242242990654206
1982,8,23,259200,0.242242990654206
1982,8,24,259200,0.242242990654206
1982,8,25,172800,0.161495327102804
1982,8,26,172800,0.161495327102804
1982,8,27,172800,0.161495327102804
1982,8,28,172800,0.161495327102804
1982,8,29,172800,0.161495327102804
1982,8,30,172800,0.161495327102804
1982,8,31,172800,0.161495327102804
1982,9,1,172800,0.161495327102804
1982,9,2,172800,0.161495327102804
1982,9,3,172800,0.161495327102804
1982,9,4,345600,0.322990654205607
1982,9,5,604800,0.565233644859813
1982,9,6,518400,0.484485981308411
1982,9,7,777600,0.726728971962617
1982,9,8,432000,0.403738317757009
1982,9,9,345600,0.322990654205607
1982,9,10,259200,0.242242990654206
1982,9,11,259200,0.242242990654206
1982,9,12,259200,0.242242990654206
1982,9,13,259200,0.242242990654206
1982,9,14,259200,0.242242990654206
1982,9,15,172800,0.161495327102804
1982,9,16,172800,0.161495327102804
1982,9,17,172800,0.161495327102804
1982,9,18,172800,0.161495327102804
1982,9,19,172800,0.161495327102804
1982,9,20,172800,0.161495327102804
1982,9,21,172800,0.161495327102804
1982,9,22,172800,0.161495327102804
1982,9,23,172800,0.161495327102804
1982,9,24,172800,0.161495327102804
1982,9,25,172800,0.161495327102804
1982,9,26,172800,0.161495327102804
1982,9,27,172800,0.161495327102804
1982,9,28,172800,0.161495327102804
1982,9,29,172800,0.161495327102804
1982,9,30,172800,0.161495327102804
1982,10,1,172800,0.161495327102804
1982,10,2,345600,0.322990654205607
1982,10,3,259200,0.242242990654206
1982,10,4,172800,0.161495327102804
1982,10,5,345600,0.322990654205607
1982,10,6,172800,0.161495327102804
1982,10,7,172800,0.161495327102804
1982,10,8,172800,0.161495327102804
1982,10,9,172800,0.161495327102804
1982,10,10,172800,0.161495327102804
1982,10,11,172800,0.161495327102804
1982,10,12,172800,0.161495327102804
1982,10,13,259200,0.242242990654206
1982,10,14,172800,0.161495327102804
1982,10,15,172800,0.161495327102804
1982,10,16,172800,0.161495327102804
1982,10,17,172800,0.161495327102804
1982,10,18,172800,0.161495327102804
1982,10,19,172800,0.161495327102804
1982,10,20,259200,0.242242990654206
1982,10,21,259200,0.242242990654206
1982,10,22,172800,0.161495327102804
1982,10,23,172800,0.161495327102804
1982,10,24,172800,0.161495327102804
1982,10,25,172800,0.161495327102804
1982,10,26,172800,0.161495327102804
1982,10,27,172800,0.161495327102804
1982,10,28,172800,0.161495327102804
1982,10,29,259200,0.242242990654206
1982,10,30,172800,0.161495327102804
1982,10,31,259200,0.242242990654206
1982,11,1,259200,0.242242990654206
1982,11,2,259200,0.242242990654206
1982,11,3,259200,0.242242990654206
1982,11,4,259200,0.242242990654206
1982,11,5,259200,0.242242990654206
1982,11,6,259200,0.242242990654206
1982,11,7,259200,0.242242990654206
1982,11,8,259200,0.242242990654206
1982,11,9,259200,0.242242990654206
1982,11,10,259200,0.242242990654206
1982,11,11,259200,0.242242990654206
1982,11,12,259200,0.242242990654206
1982,11,13,259200,0.242242990654206
1982,11,14,259200,0.242242990654206
1982,11,15,259200,0.242242990654206
1982,11,16,259200,0.242242990654206
1982,11,17,259200,0.242242990654206
1982,11,18,259200,0.242242990654206
1982,11,19,259200,0.242242990654206
1982,11,20,259200,0.242242990654206
1982,11,21,259200,0.242242990654206
1982,11,22,259200,0.242242990654206
1982,11,23,259200,0.242242990654206
1982,11,24,259200,0.242242990654206
1982,11,25,259200,0.242242990654206
1982,11,26,259200,0.242242990654206
1982,11,27,259200,0.242242990654206
1982,11,28,259200,0.242242990654206
1982,11,29,259200,0.242242990654206
1982,11,30,259200,0.242242990654206
1982,12,1,259200,0.242242990654206
1982,12,2,259200,0.242242990654206
1982,12,3,259200,0.242242990654206
1982,12,4,259200,0.242242990654206
1982,12,5,259200,0.242242990654206
1982,12,6,172800,0.161495327102804
1982,12,7,172800,0.161495327102804
1982,12,8,259200,0.242242990654206
1982,12,9,259200,0.242242990654206
1982,12,10,259200,0.242242990654206
1982,12,11,259200,0.242242990654206
1982,12,12,259200,0.242242990654206
1982,12,13,172800,0.161495327102804
1982,12,14,259200,0.242242990654206
1982,12,15,259200,0.242242990654206
1982,12,16,259200,0.242242990654206
1982,12,17,259200,0.242242990654206
1982,12,18,259200,0.242242990654206
1982,12,19,259200,0.242242990654206
1982,12,20,259200,0.242242990654206
1982,12,21,259200,0.242242990654206
1982,12,22,259200,0.242242990654206
1982,12,23,259200,0.242242990654206
1982,12,24,259200,0.242242990654206
1982,12,25,172800,0.161495327102804
1982,12,26,259200,0.242242990654206
1982,12,27,259200,0.242242990654206
1982,12,28,259200,0.242242990654206
1982,12,29,259200,0.242242990654206
1982,12,30,259200,0.242242990654206
1982,12,31,259200,0.242242990654206
